id,first_name,last_name,race,county,num_children,income,age_group,ssn,smoker,complications
1,Tabby,Ward,race3,county3,1,212036,group3,670-18-6875,False,2
2,Ardyce,Ward,race2,?,1,159218,group2,373-03-1601,True,0
3,Gerhard,Frank,race3,county1,0,157768,group2,805-95-6067,True,3
4,Romy,Hawkins,race3,county1,0,11824,group3,117-52-3454,False,1
5,Edeline,Scott,race1,?,2,80479,group1,819-11-5314,True,0
6,Cozmo,Frank,race1,county3,3,160229,group3,751-43-6257,True,2
7,Hilde,Wilkerson,race3,county1,0,220707,group2,689-14-9944,False,2
8,Georgeanna,Frank,race1,?,2,146742,group3,844-92-1943,False,10
9,Maddie,Scott,race1,?,1,160988,group1,250-75-1381,False,3
10,Dody,Frank,race3,county4,3,34170,group2,360-78-9074,False,8
11,Coralie,Lawson,race3,county1,3,42949,group2,459-55-4950,False,1
12,Peggie,Frank,race3,county1,4,174492,group1,328-62-8330,False,2
13,Pepe,Le,race1,?,4,117328,group3,421-81-5857,True,1
14,Gregorio,Watson,race3,county1,3,180874,group1,589-50-0500,?,3
15,Donall,Elliott,race2,county2,0,54398,group1,718-97-7242,True,7
16,Shane,Casey,race1,county1,0,92542,group2,114-24-9527,False,10
17,Devonna,Elliott,?,county4,3,162280,group3,527-20-0150,False,5
18,Kelcie,Hawkins,?,county1,2,234791,group3,709-91-9697,True,8
19,Ewan,Lawson,race3,county1,0,276061,group2,845-72-6339,True,7
20,Vic,Brooks,race1,county4,2,112645,group1,649-08-9778,False,6
21,Brady,Watson,race2,?,1,16039,group3,582-90-4020,False,3
23,Karlene,Casey,race3,county1,0,76908,group2,305-38-8791,True,0
24,Saul,Owen,race1,county2,3,46039,group1,442-40-3873,True,3
25,Munroe,Cervantes,race1,county4,4,222278,group3,551-10-6630,?,9
26,Guillemette,Quinn,race1,county2,5,148361,group2,509-54-6455,False,7
27,Fransisco,Casey,?,county3,4,88245,group2,845-54-1369,True,3
28,Vania,Hale,race2,county3,1,86531,group1,546-13-4909,False,4
29,Wilbur,Cervantes,race2,county2,2,45698,group2,561-13-0572,True,2
30,Blake,Cervantes,race1,county1,0,78169,group2,615-47-3243,True,1
31,Tammie,Owen,race1,county2,4,20826,group2,519-18-8053,?,10
32,Pieter,Wilkerson,race1,county2,1,161243,group3,530-73-1817,False,9
34,Shirley,Pollard,race3,county4,4,165938,group2,615-58-0494,False,0
35,Ardyth,Casey,race1,county2,5,299828,group1,639-47-8631,False,5
36,Gustaf,Hawkins,race2,county4,1,209170,group1,539-84-5610,True,3
37,Yvor,Le,race3,?,2,272802,group1,249-38-9137,True,0
39,Dottie,Cervantes,race3,county1,0,144138,group1,274-95-7897,True,1
40,Dawna,Frank,race1,?,4,91808,group3,351-52-2403,True,2
41,Caritta,Lawson,race2,county1,0,269886,group3,432-23-4017,False,6
42,Filide,Casey,race1,county4,1,68809,group1,589-54-6553,?,8
43,Noland,Elliott,race3,county1,5,16426,group2,338-94-2471,False,10
44,Bengt,Cervantes,race2,?,1,108953,group1,432-71-3773,False,7
45,Napoleon,Elliott,race1,county4,3,26192,group3,458-83-1719,False,10
46,Carlo,Casey,race3,county1,5,47170,group3,872-62-5569,True,3
47,Tate,Hawkins,race1,county3,4,138356,group3,223-06-0077,True,7
48,Ax,Pollard,race1,?,0,181486,group1,448-65-8677,True,8
49,Mariquilla,Wilkerson,race1,county2,1,205190,group3,311-26-7830,False,0
51,Kellsie,Hoffman,race3,?,1,188184,group2,660-42-9796,False,5
52,Agnese,Lawson,race3,?,3,140985,group1,572-05-1310,False,4
54,Jasper,Cervantes,race1,county3,1,277472,group1,831-13-4196,True,8
55,Marj,Elliott,race1,county4,2,50522,group1,736-67-5893,False,8
56,Sandra,Pollard,race1,county1,5,182218,group3,741-93-8258,False,7
57,Lorilyn,Brooks,race1,county2,2,108105,group1,721-79-1303,False,10
58,Tristan,Ward,race3,county1,3,275396,group2,198-75-5714,False,5
59,Pearce,Elliott,race2,county2,1,24613,group1,561-35-7043,True,3
60,Leland,Brooks,race2,county2,1,43625,group1,582-51-4720,False,10
61,Ravi,Owen,race1,county2,1,287164,group2,757-64-6100,True,2
62,Seana,Hoffman,race1,?,2,141003,group3,629-47-1089,False,1
64,Rhiamon,Brooks,race2,county4,0,72359,group3,657-69-6892,False,7
65,Suzanna,Lawson,race2,county4,4,298966,group3,657-91-9085,False,3
66,Tandi,Cannon,?,?,4,271738,group3,506-60-2619,False,3
68,Cicily,Quinn,race1,county4,2,131587,group1,582-83-9526,True,0
70,Alia,Frank,race3,county1,3,47723,group3,550-83-6815,?,3
71,Zackariah,Brooks,race1,county3,2,261329,group2,142-92-5858,True,6
72,Meade,Hale,race3,county1,1,205153,group2,602-72-3092,True,6
73,Way,Waters,race1,?,2,157781,group1,316-36-4484,False,7
74,Sammy,Waters,race1,county3,4,157086,group2,387-41-4760,True,7
76,Kelley,Frank,race1,county1,5,254083,group3,215-11-3793,False,6
77,Adrea,Casey,race1,county3,5,70698,group3,181-72-1543,False,9
78,Krystal,Quinn,race1,county4,2,243538,group3,824-47-5103,True,0
79,Verla,Le,race3,county4,1,298857,group1,645-09-3180,True,1
80,Robin,Hoffman,race1,county2,0,200932,group2,823-33-7499,False,6
81,Nana,Le,?,county1,1,295389,group1,560-24-5026,True,1
82,Alyda,Lawson,race3,county1,3,65564,group3,340-22-2681,False,9
83,Kaye,Frank,race1,?,2,101901,group1,663-58-4062,False,4
84,Elenore,Hawkins,race2,?,2,155614,group3,853-02-0568,True,3
85,Urson,Quinn,race3,county3,3,282108,group1,782-54-7715,True,7
86,Clayson,Scott,race1,?,3,178798,group2,141-99-6737,?,8
87,Chevalier,Frank,race2,?,5,95839,group2,284-39-8658,?,9
88,Aland,Owen,race2,?,5,218251,group3,630-12-1329,False,5
89,Hertha,Cannon,race3,?,2,95144,group1,355-62-7321,False,7
90,Padraig,Cervantes,race1,county3,3,242490,group3,229-96-1572,False,5
91,Cassaundra,Hoffman,race1,?,1,134783,group1,659-86-5687,False,4
92,Dayle,Watson,race2,?,2,196695,group2,455-36-9655,?,4
93,Harman,Cannon,race3,?,3,76501,group3,132-48-1686,False,8
94,Floria,Pollard,?,county4,4,106892,group2,267-98-9203,True,2
95,Merrill,Waters,race1,county2,4,76676,group2,247-85-8275,True,9
96,Angelo,Watson,race3,?,5,147210,group3,888-02-3075,True,2
97,Gavin,Frank,race3,county1,5,163968,group3,819-49-2589,?,9
98,Emilia,Lawson,race3,county1,5,234878,group2,385-08-2946,True,0
99,Zack,Watson,race3,?,0,138541,group3,118-95-4547,True,9
100,Dorisa,Ward,race1,?,4,125416,group3,375-12-3144,False,10
101,Whittaker,Frank,race3,county1,2,163507,group2,192-52-9074,False,0
102,Nikos,Elliott,race3,county3,4,50031,group1,724-54-0805,False,5
103,Winfred,Ward,race3,county1,3,172189,group1,132-70-8619,True,4
104,Suellen,Brooks,race1,?,2,178329,group3,667-51-4751,True,6
105,Chaunce,Le,race1,county3,1,145658,group2,385-94-6416,True,3
106,Darsey,Cervantes,race3,county1,3,183329,group1,235-93-2151,True,1
107,Chris,Brooks,race1,county1,3,108963,group3,166-53-0082,False,4
108,Kaitlynn,Ward,?,county1,3,147750,group1,166-20-4625,True,8
109,Geri,Hoffman,?,county4,5,194694,group1,347-31-1632,?,9
110,Eveleen,Hoffman,race3,county1,1,186452,group1,657-11-6953,True,5
111,Roy,Ward,race3,county1,1,181248,group3,716-33-8942,False,2
112,Kipp,Hawkins,race3,county1,4,265921,group3,755-04-4013,True,8
113,Elihu,Ward,race2,county2,2,87318,group1,504-63-4976,False,9
114,Lynnea,Kirk,race1,county2,5,133030,group2,875-85-1033,True,7
115,Julianna,Watson,race3,county2,4,81247,group1,447-46-5130,True,4
116,Ramona,Wilkerson,race1,county1,1,163128,group1,316-01-4957,True,10
117,Carlin,Kirk,race2,?,0,242690,group2,204-93-8823,True,1
118,Ingemar,Quinn,race2,county4,0,267434,group1,293-19-0612,True,7
119,Lyndsey,Casey,race3,county4,3,139330,group2,278-19-9291,True,7
120,Raffarty,Elliott,race3,county2,0,184007,group2,401-65-0055,False,9
122,Nathalia,Le,race1,county3,3,58230,group1,846-07-3033,True,3
123,Silas,Waters,race1,county3,2,109137,group3,397-47-1680,True,7
124,Lemuel,Kirk,race2,county3,2,122393,group3,192-83-9654,False,8
125,Natasha,Cervantes,race3,county1,5,222971,group2,286-97-1546,True,7
126,Jemie,Pollard,race2,?,0,63804,group2,574-08-7015,False,5
127,Dorena,Quinn,race2,?,5,227948,group3,617-21-4898,False,8
128,Ibby,Cannon,race3,?,4,95598,group1,511-07-3644,True,7
130,Kiley,Quinn,race1,?,4,53347,group1,858-34-2708,False,8
132,Seward,Scott,race2,?,4,73865,group2,668-07-0658,?,1
133,Jule,Lawson,race2,county2,2,294404,group2,764-05-9819,False,2
134,Morena,Hale,?,county2,1,171182,group2,475-04-4400,True,10
135,Dotti,Lawson,race2,county3,1,114550,group3,158-02-4468,True,4
136,Sydelle,Cervantes,race1,county1,1,48582,group1,818-89-8494,False,0
137,Dominick,Pollard,race3,county1,0,136338,group1,185-55-9567,False,5
138,Svend,Pollard,race2,county4,2,250058,group2,832-78-9349,True,4
140,Johnathon,Frank,race3,county1,3,151042,group1,548-87-8155,?,1
141,Vivianne,Quinn,race3,county1,2,226950,group2,463-57-4672,False,9
142,Selina,Brooks,race3,county4,1,268388,group1,329-66-7294,True,3
143,Duky,Pollard,race2,county1,5,175282,group3,413-42-5774,False,8
144,Marjy,Kirk,race1,county1,2,278032,group1,548-79-9475,False,10
145,Danni,Scott,?,?,4,143131,group1,606-55-9588,False,2
147,Mayer,Pollard,race1,county4,1,294816,group1,852-65-4665,True,9
148,Frants,Le,race3,?,2,271408,group1,275-56-0001,False,5
149,Evyn,Lawson,?,county2,1,173861,group2,782-20-9771,False,5
151,Merna,Elliott,race3,county1,3,285497,group1,366-80-1510,False,1
152,Gussi,Quinn,race1,county3,1,221629,group3,512-95-4473,True,6
153,Cirstoforo,Brooks,race1,county2,0,195566,group2,671-59-7830,False,7
154,Patten,Scott,race3,?,1,37428,group2,378-65-5641,False,7
155,Danya,Watson,?,?,0,12248,group3,453-12-2767,True,0
156,Augustine,Casey,race2,?,2,234413,group3,608-88-6768,False,9
157,Sigfrid,Cervantes,race1,county3,5,286523,group3,178-93-5755,True,9
158,Flem,Quinn,race1,county1,0,264429,group3,402-30-9370,True,8
159,Antonina,Pollard,race3,county2,1,291885,group2,221-96-2958,True,2
160,Oralle,Cervantes,race3,county1,3,125638,group2,316-71-6950,?,2
161,Daven,Casey,race1,?,0,128702,group3,259-80-6060,False,4
162,Melessa,Owen,race2,?,1,290086,group3,797-41-8609,True,0
163,Rube,Casey,race3,county4,5,242710,group1,728-46-3622,False,1
165,Keri,Quinn,race3,?,4,123216,group3,509-77-9186,True,9
166,Mala,Lawson,race2,?,0,172607,group1,890-85-1167,True,6
167,Shay,Watson,race1,?,0,38634,group1,380-30-7894,True,9
168,Stanford,Watson,race1,?,0,210068,group1,719-27-0552,False,2
169,Milo,Cervantes,race1,county2,4,63841,group3,242-55-2069,False,1
170,Angelico,Owen,race1,?,1,248850,group3,696-46-0372,False,7
171,Hulda,Le,race2,county2,1,76985,group3,325-65-1771,True,3
172,Lind,Hawkins,race1,?,3,234144,group2,376-89-7539,?,1
173,Maryjane,Brooks,race2,county1,4,235389,group1,763-89-2417,True,2
174,Sinclair,Hoffman,?,county1,1,162400,group2,523-08-7182,False,8
175,Margarete,Le,race2,county4,5,23506,group3,619-65-6243,False,4
176,Clarice,Frank,race2,county4,1,40617,group1,749-81-9902,True,7
177,Sheila-kathryn,Ward,race3,county1,5,58731,group3,364-43-6353,False,2
178,Stacia,Scott,race3,county1,1,115169,group1,649-83-4601,False,3
179,Cameron,Cervantes,race2,county1,1,13783,group2,159-19-9697,True,5
181,Worthy,Casey,?,county4,2,192206,group2,292-41-9541,False,3
182,Brook,Quinn,race2,county1,1,196242,group3,535-21-6955,False,5
184,Bamby,Pollard,race1,county1,5,234723,group2,226-45-1123,False,1
185,Marja,Quinn,race2,county2,4,275522,group2,178-47-5856,True,7
186,Sibella,Watson,race2,county3,1,121085,group2,855-16-1378,False,6
187,Theadora,Quinn,race1,?,1,281095,group3,260-37-3239,False,6
188,Kristopher,Hawkins,race2,county2,4,164385,group1,440-23-4520,False,2
189,Ethelbert,Scott,race3,county3,0,296181,group1,491-07-2750,False,2
190,Lefty,Hawkins,race3,county2,5,84751,group2,379-31-8303,True,6
192,Parker,Hoffman,race1,county2,5,153276,group3,685-18-8668,False,6
193,Claiborne,Scott,?,county1,0,165243,group1,122-97-7326,True,7
194,Karina,Waters,race1,county2,2,239895,group1,461-58-0297,False,8
195,Durand,Lawson,?,county2,4,291303,group1,592-36-1774,True,9
196,Modesta,Frank,race1,county3,2,101309,group3,877-50-4332,False,4
197,Cacilia,Ward,race3,county1,5,109002,group1,193-08-6387,True,7
198,Lindsey,Pollard,race3,county4,2,78399,group2,134-28-1983,True,7
199,Elana,Pollard,?,county4,3,176763,group2,310-30-2009,True,4
200,Tabby,Casey,race3,county1,4,20367,group1,458-35-9525,True,1
201,Cesar,Cannon,race3,?,2,299945,group2,771-52-1419,True,4
202,Reinhold,Ward,race3,county1,4,43464,group2,810-10-0456,True,8
203,Julietta,Lawson,race3,county4,4,47606,group3,824-70-4832,False,8
204,Jeremias,Quinn,race3,?,4,56008,group1,729-89-1503,False,2
205,Susie,Hawkins,race1,county3,3,74411,group2,605-61-5879,False,3
206,Benedetta,Frank,race3,?,2,83180,group1,131-34-5619,True,8
207,Kimbell,Hawkins,race3,county3,5,66907,group3,670-70-2641,False,1
208,Gray,Cannon,race1,county1,5,108738,group1,767-65-2902,False,2
209,Quent,Ward,race1,county2,2,205631,group2,732-95-3068,?,3
210,Dillon,Watson,race2,county1,4,96359,group3,715-27-8581,False,1
211,Annabella,Cervantes,race2,county4,3,105206,group3,335-40-6249,False,6
212,Aloin,Scott,race3,county1,3,23875,group3,425-44-1164,False,6
213,Eleni,Le,race2,county4,0,96961,group2,325-14-0356,True,1
214,Eadie,Watson,race2,county2,4,252384,group1,465-65-2723,True,3
215,Claybourne,Hoffman,?,county4,1,176761,group2,276-10-4503,True,0
216,Alisha,Hawkins,?,county2,1,100318,group1,768-21-4609,False,4
217,Berri,Quinn,race1,?,1,123345,group2,875-33-9591,True,2
218,Hewie,Wilkerson,race2,county1,3,214406,group1,163-57-4408,True,8
219,Bellina,Cannon,race3,county4,4,73656,group2,471-17-3462,True,3
220,Chariot,Quinn,?,county1,4,289197,group1,677-93-2052,False,3
221,Lesley,Hawkins,race3,county1,5,71602,group1,326-37-2151,False,2
222,Hatti,Lawson,race2,county3,1,74259,group3,362-02-7471,True,9
223,Douglas,Brooks,race2,?,4,198643,group2,181-72-7880,False,8
224,Godfrey,Owen,race2,county4,2,244505,group3,406-09-2794,False,9
225,Corney,Brooks,race3,county1,3,293387,group3,819-10-8669,False,8
226,Harrietta,Hawkins,?,county4,0,111558,group1,742-87-8244,True,5
227,Aggie,Brooks,race3,county1,1,125859,group3,224-59-2080,True,5
228,Ignacius,Hale,?,?,3,205287,group2,592-26-9211,True,8
229,Ashlin,Ward,?,?,4,181340,group3,856-03-8468,False,10
230,Abie,Casey,race1,?,3,162622,group3,762-97-0954,False,0
232,Blondy,Lawson,race1,county4,5,242887,group1,441-68-4851,True,7
233,Eilis,Brooks,race2,county4,4,278875,group1,565-03-3728,False,7
234,Preston,Hale,race1,county1,2,31609,group2,400-91-2993,False,7
236,Hugh,Le,race2,county1,4,47401,group2,813-76-3770,True,5
237,Reggie,Quinn,race3,county1,5,31780,group2,405-68-5771,True,8
238,Lee,Lawson,race2,county2,0,287873,group3,576-42-4740,True,3
239,Cobb,Casey,race2,county2,0,163248,group3,797-10-2121,True,3
240,Roslyn,Lawson,race3,county4,0,164290,group3,356-80-9158,False,5
241,Carolynn,Brooks,race1,county1,2,104912,group3,839-11-3877,True,2
242,Charmaine,Elliott,race2,county4,3,31426,group2,631-47-2016,True,6
243,Gene,Hoffman,?,county4,1,137747,group2,442-52-4940,False,9
244,Alfreda,Watson,race3,county1,1,47153,group2,287-62-5032,False,1
246,Jessica,Ward,race2,county1,0,243306,group2,649-95-6007,False,1
247,Charleen,Scott,race3,county3,1,129468,group2,348-87-5747,True,0
248,Hannis,Elliott,?,?,2,29579,group1,860-16-8555,False,6
249,Christy,Watson,?,county1,3,209710,group2,226-28-2542,False,2
251,Reine,Casey,race1,?,1,194937,group2,156-08-9792,True,1
252,Ashlen,Owen,race1,county4,3,208069,group3,636-73-2206,?,1
253,Raye,Lawson,race1,county3,2,135742,group3,623-43-7910,False,0
254,Clemente,Frank,race2,county3,3,291755,group1,721-24-7681,False,5
255,Wallas,Kirk,race2,county1,1,43580,group2,255-52-6119,False,10
256,Smith,Hale,race2,county2,4,181096,group2,469-49-3263,False,4
257,Dore,Lawson,race1,county3,1,288575,group2,237-74-3181,False,10
258,Roch,Kirk,race3,county1,2,29124,group3,395-26-0611,False,9
259,Harwilll,Wilkerson,race3,county1,1,74892,group2,885-52-9404,False,2
260,Johnnie,Kirk,race1,county1,5,214513,group2,637-98-7915,True,10
261,Vic,Owen,race2,county4,4,150801,group3,450-54-2615,False,8
262,Kristian,Hale,race3,county1,2,159060,group2,557-49-2211,True,8
263,Esmeralda,Lawson,race2,county3,3,157167,group1,708-89-7959,True,10
264,Grayce,Le,race3,county1,3,201759,group2,801-96-7328,True,3
265,Barret,Scott,?,?,5,116079,group3,499-11-3624,False,7
266,Bartholomeo,Hawkins,race2,county2,1,237993,group2,434-83-5106,True,0
267,Madelina,Cervantes,race3,county1,2,259025,group1,461-40-1376,False,10
268,Chic,Wilkerson,race3,county1,5,117694,group1,653-44-4274,False,8
269,Dru,Quinn,race3,county1,2,139699,group2,758-82-2648,?,7
270,Erin,Hoffman,race1,county4,5,137581,group2,482-24-2876,False,9
271,Halimeda,Pollard,race1,county1,5,277497,group2,754-99-8481,?,8
272,Analise,Le,race2,county3,1,18181,group2,370-74-0109,True,8
273,Sherry,Owen,race1,county3,5,89931,group2,853-39-8342,True,2
274,Griselda,Casey,?,?,1,46096,group1,502-53-9089,False,5
275,Justin,Ward,race2,?,5,18370,group1,202-37-2159,False,7
277,Louisette,Waters,race2,county4,1,43871,group3,350-86-4205,True,1
278,Broddie,Hoffman,race3,county1,3,299800,group2,461-65-7826,True,0
279,Sarine,Watson,race2,county1,3,245159,group3,120-76-2407,False,8
280,Cam,Waters,race3,county3,0,23746,group2,267-14-3539,True,10
281,Ophelia,Lawson,race1,county2,4,60959,group2,266-68-4843,False,5
282,Emyle,Quinn,race3,county1,1,200004,group1,175-56-4073,True,0
283,Agnes,Elliott,race1,county1,3,165675,group1,166-86-0068,True,2
284,Tiebold,Kirk,race1,county4,4,87925,group2,300-17-2433,True,1
285,Vincent,Lawson,race1,?,2,182243,group2,499-19-2935,True,0
286,Ab,Brooks,race3,?,5,34301,group3,472-58-2794,False,7
287,Lissa,Waters,?,county3,1,166198,group1,792-23-4103,False,9
288,Raoul,Casey,?,county3,0,249457,group3,605-75-5720,False,5
289,Jeffie,Cannon,race1,?,5,160734,group1,115-40-4402,False,1
290,Ulric,Casey,race2,county2,5,154073,group3,463-35-7973,False,7
291,Ulick,Lawson,race2,county1,5,63220,group3,287-02-3026,False,5
292,Sabina,Waters,race2,?,2,40265,group3,218-97-9861,False,5
293,Alvina,Scott,race3,?,2,118500,group1,117-25-5665,True,10
295,Abbey,Brooks,race3,?,3,15007,group3,180-30-2023,True,6
296,Gregorio,Lawson,?,county1,0,233424,group1,369-19-3708,?,3
297,Barby,Scott,race1,county4,0,48186,group2,268-01-0112,False,6
298,Urbain,Le,race1,county4,1,191554,group1,396-90-0823,False,6
299,Quinton,Le,race3,county1,2,136382,group3,410-58-0690,False,10
300,Britteny,Quinn,race1,county4,0,267885,group1,461-06-9655,True,8
301,Meir,Le,race1,?,2,177315,group1,102-83-2889,False,9
303,Athene,Cannon,race3,county1,3,130397,group1,126-81-4952,?,8
304,Vivi,Casey,race3,county1,2,101274,group3,715-63-2361,True,8
305,Mia,Hawkins,race2,?,0,89786,group2,818-82-2922,False,5
306,Ki,Waters,race2,county2,1,150849,group3,289-74-0302,False,0
307,Adamo,Hawkins,race3,county4,0,258919,group2,526-24-2726,?,8
308,Bartram,Casey,race2,county2,1,295297,group2,849-39-4459,?,8
309,Loutitia,Hoffman,race1,county3,1,257512,group1,386-20-1528,False,1
310,Kylynn,Watson,race1,county3,0,237459,group2,568-71-4593,True,1
311,Kaile,Owen,race2,?,2,266157,group2,243-22-9109,False,4
313,Rafaellle,Owen,race2,county2,2,161265,group2,218-71-2747,True,6
314,Modesta,Casey,race1,county4,0,108708,group2,258-36-3330,False,5
315,Dahlia,Cervantes,race1,?,0,85165,group3,365-75-3613,?,4
316,Barrett,Kirk,?,county3,2,65256,group3,274-49-6807,True,3
319,Othella,Casey,?,county4,4,74507,group3,259-28-7458,False,9
321,Elnore,Elliott,race2,?,1,43830,group2,247-27-4089,False,3
322,Zondra,Scott,?,county3,3,238276,group3,185-74-8912,True,10
324,Dorisa,Owen,race3,county1,4,132986,group2,847-29-3734,False,3
325,Willi,Frank,race1,county2,1,177405,group2,474-92-5499,True,9
326,Ulrick,Owen,race2,?,1,177960,group1,658-94-6618,?,5
327,Humberto,Lawson,race3,county1,1,14207,group2,164-93-1768,True,6
328,Ajay,Waters,race1,?,2,105800,group1,500-24-1650,False,1
329,Tommy,Frank,race3,?,5,191449,group2,799-84-8347,True,8
330,Corena,Hawkins,race1,county2,0,14725,group2,894-45-9099,True,6
331,Roarke,Cervantes,race1,county1,3,124748,group2,871-19-5187,True,9
332,Wolfy,Owen,race3,?,1,55659,group3,734-43-7772,False,3
333,Sheela,Hawkins,race1,county3,5,129843,group1,774-88-0353,True,5
334,Esme,Cervantes,race1,county4,3,270443,group2,138-71-8878,?,8
335,Salvador,Brooks,race2,county4,4,249535,group1,241-19-8014,False,0
336,Xena,Le,race1,county4,5,96500,group1,636-24-2660,False,7
337,Hilly,Hoffman,race3,county1,1,299007,group3,493-14-1851,False,0
338,Artus,Hawkins,race1,county1,2,236738,group3,591-33-9148,False,5
340,Stephenie,Hawkins,race1,county1,3,86878,group2,166-93-3322,True,1
341,Georgetta,Pollard,race1,county3,1,132453,group1,764-70-0752,False,3
342,Nancy,Hawkins,race3,county1,4,91049,group1,605-46-6960,False,0
343,Putnem,Cannon,race1,county2,1,249026,group1,226-60-7342,False,3
344,Uta,Brooks,race3,county1,2,237521,group2,880-68-5879,True,7
345,Fay,Quinn,race2,county4,1,162551,group3,635-73-3101,False,9
346,Gilli,Lawson,race2,county2,5,214619,group3,523-48-4063,?,4
347,Nehemiah,Frank,race2,county3,4,78891,group1,662-68-2253,True,0
348,Kelly,Ward,race3,county1,0,99138,group3,879-79-3682,False,6
349,Jordan,Lawson,race3,?,5,182330,group1,496-92-4373,True,6
350,Benedikt,Pollard,race1,county1,0,191250,group3,746-30-5021,True,10
351,Mickie,Elliott,race3,?,3,41326,group2,173-62-5006,False,6
352,Hermine,Hale,race2,county3,4,24733,group2,857-59-3937,True,0
353,Jerrine,Casey,race2,county4,2,121156,group3,657-90-9499,False,1
354,Erich,Kirk,race2,county4,1,263284,group3,143-73-4804,?,10
355,Ermin,Hawkins,?,county1,4,181998,group3,511-49-7711,False,9
356,Sashenka,Cannon,race3,county3,1,13362,group1,134-11-3595,True,3
357,Galvan,Scott,race2,county3,1,218890,group1,483-77-3118,True,3
359,Mignon,Cervantes,race3,county1,0,36964,group2,158-96-3928,True,5
360,Chen,Hoffman,race1,?,1,27229,group2,142-08-5289,True,3
361,Kory,Elliott,race1,county1,1,28837,group3,420-66-3587,False,5
362,Diannne,Cannon,race2,county3,4,141100,group2,318-97-2868,False,4
363,Mort,Owen,race1,county2,0,111136,group3,763-96-6856,True,0
364,Dionis,Wilkerson,?,county2,5,19261,group2,581-51-1056,False,2
365,Jenica,Kirk,race1,county4,1,118935,group2,236-52-2605,?,5
366,Tamarah,Pollard,race1,county3,4,253528,group1,576-33-7651,True,2
367,Ruthann,Cervantes,race3,county2,5,110944,group1,501-50-9148,True,8
368,Saudra,Scott,race2,county2,3,172168,group3,135-20-4063,True,5
369,Stanwood,Watson,?,county4,0,113976,group1,150-33-7883,True,5
370,Margaretta,Hoffman,?,county2,4,163909,group1,202-69-5171,True,9
372,Teddy,Brooks,?,county3,0,180815,group2,715-97-3061,True,7
373,Jaquelyn,Brooks,race2,county1,5,180345,group3,216-65-3529,?,1
376,Jens,Cervantes,?,county2,0,157500,group1,212-31-1805,False,6
377,Creight,Ward,race3,?,3,56948,group3,192-70-8131,False,7
378,Clerc,Hoffman,race1,county2,0,30694,group3,741-43-9632,True,9
380,Sylas,Cervantes,race2,?,0,179256,group3,100-63-2591,False,6
381,Dylan,Scott,race3,county2,0,71052,group2,247-44-6452,True,9
382,Othella,Watson,?,county2,0,14500,group2,884-45-3122,False,3
383,Reginald,Elliott,race1,county1,4,59387,group1,351-30-2998,False,9
384,Sandye,Cannon,race3,county2,4,164950,group3,880-82-7829,False,10
385,Mikel,Elliott,race2,county3,2,150535,group3,647-96-7056,False,5
386,Jesse,Cannon,race3,county3,4,199813,group2,777-59-5274,False,10
387,Axel,Ward,race2,county1,0,33941,group3,119-43-7917,True,6
388,Everett,Cervantes,race1,county2,0,137378,group1,136-87-4800,True,8
389,Sylvester,Owen,race2,county3,2,120110,group3,194-27-3454,True,5
390,Adrian,Owen,race1,county1,4,107745,group3,796-22-1376,False,10
391,Gillian,Hawkins,race3,?,4,195740,group1,801-20-3813,True,8
392,Lorie,Cervantes,race1,county1,2,268239,group2,473-63-5853,True,5
393,Else,Wilkerson,?,county1,0,86556,group1,432-26-3716,False,8
394,Jamima,Cannon,race2,county4,2,231474,group3,278-32-8352,False,4
395,Rose,Cervantes,race2,county1,2,294088,group3,686-85-9238,False,2
396,Oswell,Waters,race3,county1,0,161658,group2,880-37-3031,False,2
397,Sherwynd,Waters,race2,county4,2,276704,group3,184-19-9892,True,2
398,Clementina,Hoffman,?,county3,4,297342,group1,280-52-8061,True,6
399,Emlyn,Elliott,race2,?,4,154083,group2,417-88-9995,True,9
400,Bliss,Ward,race3,?,3,127835,group3,576-83-7504,False,2
401,Tammie,Cervantes,race3,county2,0,181021,group1,267-36-3528,True,0
402,Shamus,Hawkins,?,county4,5,23016,group3,334-74-5759,False,2
403,Annabel,Casey,race1,county4,3,250520,group3,763-07-7217,True,8
404,Elsworth,Cervantes,?,county4,1,161530,group2,754-01-2978,True,2
405,Gerladina,Wilkerson,?,?,2,274304,group2,216-37-5595,False,5
406,Vivien,Frank,race1,county2,2,240895,group1,378-49-7153,True,1
407,Algernon,Kirk,race1,?,5,233822,group2,489-41-5362,False,2
408,Mikaela,Quinn,?,county2,1,47781,group3,580-56-1309,True,7
409,Storm,Casey,race2,county3,3,34817,group3,136-74-4644,False,8
410,Cullin,Cannon,race3,county1,1,42327,group2,484-37-3692,False,3
411,Hobey,Owen,race2,county2,5,53818,group3,491-35-3718,True,4
412,Liv,Quinn,race1,county4,2,229787,group2,372-88-3127,False,2
413,Shaina,Le,race2,?,1,29341,group1,842-35-0050,False,6
414,Clementia,Cannon,race1,county2,1,124856,group3,655-93-4362,True,0
415,Darb,Brooks,race1,county3,2,252038,group1,830-10-7710,?,1
416,Veronique,Le,race3,county1,2,78381,group2,238-51-4705,True,5
417,Lowe,Frank,race2,county3,1,237610,group3,611-18-3613,True,6
418,Benoit,Scott,race1,county3,3,97224,group2,848-41-9312,False,4
419,Daphene,Elliott,race1,county4,0,200293,group1,416-47-3905,False,8
420,Cazzie,Lawson,race3,county4,3,212210,group3,680-85-8073,False,3
421,Amabel,Pollard,?,county1,5,67553,group1,308-39-6288,False,5
422,Kelley,Owen,race3,?,3,81188,group1,500-86-8626,False,5
424,Pierson,Le,race3,county4,1,239581,group2,487-28-4004,False,5
425,Dore,Hale,race1,county2,1,225214,group3,558-28-6241,True,9
426,Mabelle,Scott,race1,county3,2,218683,group2,546-66-6552,False,6
427,Rutter,Wilkerson,race3,county3,1,90197,group2,655-30-7531,True,7
428,Darb,Cervantes,race1,?,5,214694,group2,728-10-6644,True,5
429,Shaina,Cannon,race3,county4,5,63074,group1,499-37-8950,True,0
430,Antoinette,Elliott,race3,county1,0,10646,group3,697-77-5126,True,8
431,Nertie,Scott,race1,county4,2,79215,group2,465-09-8239,False,2
432,Helaina,Watson,race1,county2,0,263060,group2,147-97-1315,False,9
433,Gerta,Cannon,race3,?,1,171605,group1,168-58-0564,False,4
434,Sadye,Casey,race3,county1,0,229468,group1,362-13-0683,False,1
435,Chance,Hawkins,race2,?,3,27827,group2,868-80-8212,True,4
436,Roselle,Watson,race1,county4,3,155202,group3,566-98-9558,False,6
437,Corby,Pollard,race2,county1,2,112270,group2,356-40-8179,True,4
438,Marcelia,Wilkerson,?,county4,4,39969,group2,594-77-8909,True,6
439,Vi,Frank,race1,county1,2,203649,group3,754-64-0535,False,6
441,Andrey,Quinn,race2,county1,2,62802,group3,603-66-7193,False,10
442,Jessalyn,Lawson,race2,county2,5,109119,group2,879-76-0084,True,6
443,Conroy,Scott,race1,?,4,88920,group2,383-80-9413,True,3
444,Velma,Le,?,county4,5,135273,group1,382-45-4108,False,4
448,Dionne,Le,race2,county4,1,176429,group1,818-40-9373,True,1
449,Maxy,Pollard,race2,county3,4,211488,group3,681-95-3538,True,9
450,Benjamen,Watson,race2,county3,3,221812,group2,684-83-6171,False,3
452,Saunders,Pollard,race3,county1,3,25572,group3,696-14-8911,True,2
453,Janeczka,Cervantes,race2,county4,3,17482,group1,424-54-3499,False,1
456,Alric,Hoffman,race1,county2,0,240283,group3,440-94-8751,True,5
457,Dedie,Lawson,race3,county4,0,91857,group1,186-78-0742,True,1
458,Geri,Brooks,race3,county1,2,105311,group2,163-35-9570,False,8
459,Bel,Elliott,race3,?,1,105779,group3,723-66-0403,True,5
460,Russ,Owen,race3,?,5,144501,group1,715-25-8624,True,5
462,Leesa,Elliott,race1,county2,5,65861,group1,802-75-0309,False,7
463,Winston,Pollard,race2,?,3,37946,group1,262-32-3526,False,6
464,Ernestus,Pollard,race2,county3,5,253769,group2,223-92-3140,?,10
465,Broderic,Brooks,race2,county4,3,95594,group2,298-98-9384,True,7
466,Dalenna,Pollard,race2,county4,0,222504,group3,623-29-3437,False,1
467,Valida,Owen,race3,?,5,195650,group3,243-35-5275,True,9
468,Dinny,Hawkins,?,county4,3,252901,group1,192-42-8199,True,3
469,Ad,Owen,?,county1,0,53145,group2,201-51-4726,False,9
470,Geraldine,Ward,race2,county4,0,37371,group1,594-06-0776,True,9
471,Ginnie,Hale,race1,county3,5,67232,group2,807-49-0848,True,5
472,Gloriana,Scott,race1,county3,1,252516,group3,314-91-0866,False,7
474,Violette,Hale,race1,county1,1,107768,group2,183-56-5841,True,6
475,Allegra,Lawson,race1,county2,0,293092,group1,492-33-5474,False,8
476,Hogan,Cervantes,race1,county4,4,125756,group1,536-48-5451,False,9
477,Kitty,Hoffman,race3,county1,1,177207,group3,230-56-8934,True,2
479,Gwenneth,Ward,race3,county1,0,168385,group1,457-89-3747,?,6
480,Bethina,Quinn,race2,county3,5,192945,group1,247-42-4165,False,10
481,Hugo,Lawson,race2,county1,2,195438,group2,657-93-7202,False,1
482,Ari,Hoffman,race2,county1,3,213924,group1,400-52-1213,False,6
483,Karlee,Lawson,race3,county1,2,159001,group2,388-69-8618,True,10
484,Gwen,Elliott,race3,?,4,124689,group3,464-68-5193,False,3
485,Luce,Watson,race1,county1,5,96377,group2,880-33-7385,False,9
487,Micaela,Casey,?,county2,2,105971,group1,895-30-8987,?,10
488,Dov,Cannon,race3,county1,5,135646,group1,115-60-8731,True,5
489,Betta,Wilkerson,race3,county1,5,257567,group2,202-96-5392,False,10
490,Sam,Cannon,race1,county4,0,293871,group1,656-70-2915,True,2
491,Deanna,Brooks,race3,county3,1,48283,group1,540-97-9760,False,9
492,Celesta,Brooks,race3,?,4,240955,group3,702-86-0212,True,3
493,Lizzie,Elliott,?,?,1,89985,group3,518-73-2650,False,4
494,Ross,Waters,?,county4,5,132513,group1,682-17-0715,True,3
496,Margalit,Casey,race1,county1,4,209167,group1,236-33-5703,False,8
497,Kearney,Hawkins,race3,county3,2,92520,group3,638-61-6236,True,0
498,Fairleigh,Frank,race2,county3,1,192330,group2,531-47-6007,True,6
499,Ferd,Quinn,race3,county1,2,231441,group3,385-11-9231,True,9
501,Grete,Hoffman,race1,?,3,230139,group2,278-72-5383,False,4
503,Eleni,Scott,race3,county1,3,61532,group3,383-01-7915,True,5
504,Dav,Quinn,?,county3,5,85330,group2,492-65-3100,False,6
505,Shara,Waters,race2,county3,3,235206,group3,621-59-2037,False,3
506,Bonita,Elliott,race2,county4,5,124499,group3,702-35-5199,True,6
507,Bambi,Elliott,race2,county4,1,299447,group3,133-76-9980,True,6
508,Georgeanne,Hale,race1,county4,0,152462,group2,122-05-0060,?,10
509,Salomo,Cannon,race2,county2,4,178844,group2,357-47-1247,False,5
510,Jean,Casey,race3,county4,3,194948,group2,220-09-7805,False,10
512,Angelica,Owen,race2,county3,3,10205,group2,615-41-1435,True,2
513,Markos,Owen,race3,county1,2,222389,group3,722-13-1559,False,6
514,Ward,Quinn,race2,county1,3,211112,group2,870-91-0509,False,7
516,Nanci,Lawson,race3,county1,2,194236,group2,897-99-0715,?,7
517,Sena,Hoffman,race3,county1,3,63287,group1,299-83-5881,?,4
518,Johnny,Cannon,race1,county3,3,37380,group3,794-14-7611,True,1
519,Webb,Cervantes,race2,county2,0,165461,group1,242-74-0416,True,1
520,Emmy,Hoffman,race1,county2,2,215426,group2,114-23-6714,True,8
522,Evan,Hawkins,race1,?,3,83485,group3,736-30-6536,True,3
523,Nert,Hoffman,race2,county4,2,243275,group1,689-89-5374,False,8
524,Eleonore,Quinn,race3,county3,5,263838,group3,474-94-4178,True,7
525,Garik,Casey,race3,county1,2,95317,group2,574-79-4419,False,6
526,Eunice,Lawson,race3,county1,0,103935,group3,258-04-9100,False,5
527,Jolene,Frank,race1,county4,2,167583,group3,698-68-8662,False,9
528,Debby,Scott,?,?,5,39953,group2,275-85-5563,True,2
529,Katinka,Lawson,race3,county1,3,129694,group2,600-18-9008,False,5
530,Keary,Ward,race3,?,3,120407,group1,402-31-6518,False,8
531,Marysa,Elliott,race3,?,3,66203,group3,434-47-5313,True,8
532,Saidee,Le,race1,county4,4,250449,group3,807-87-7741,False,3
533,Shelley,Owen,race3,?,1,15360,group3,846-62-7528,True,0
534,Rafaello,Waters,race2,county3,0,139063,group3,373-22-2553,True,5
535,Meghann,Hale,race3,county1,5,11567,group1,828-80-6501,True,5
536,Cleon,Hale,race3,?,5,199088,group2,670-83-1649,True,6
537,Normy,Owen,race3,county1,4,246532,group2,477-96-4668,True,10
538,Lexine,Le,race1,county3,4,132889,group3,144-09-7049,True,5
539,Philis,Cannon,?,county2,4,37598,group3,759-39-5774,True,5
540,Carola,Cervantes,race1,county1,0,180090,group2,626-57-1702,False,5
541,Celinka,Lawson,race2,county3,1,268313,group3,739-14-8649,True,10
542,Hatti,Owen,race3,county1,2,268662,group2,457-04-4074,False,7
543,Tome,Casey,race1,county2,1,154800,group1,781-25-5180,False,8
544,Izabel,Le,race2,county3,0,25277,group1,610-54-9034,True,7
545,Bary,Ward,race3,?,0,150315,group2,570-55-2325,True,4
546,Jordain,Watson,race2,?,4,123165,group1,657-06-0531,True,8
547,Elnora,Brooks,?,county2,4,133142,group1,667-07-7460,False,6
550,Christoph,Ward,?,county1,1,55794,group1,169-27-9658,False,9
551,Willabella,Kirk,race2,county1,1,267210,group3,355-39-8011,False,0
552,Karney,Wilkerson,?,?,3,134054,group2,450-52-2667,False,5
553,Lynnet,Ward,race2,county4,0,33444,group1,635-18-6304,False,8
555,Harlen,Brooks,?,county2,3,132023,group1,498-89-8411,?,7
556,Madelaine,Hawkins,race2,county3,4,298136,group2,565-04-8451,False,6
557,Estel,Elliott,?,county4,2,57278,group1,752-44-3538,True,8
558,Collete,Hawkins,race1,county3,1,225503,group3,416-24-6175,False,9
559,Kenna,Hawkins,race1,county3,1,108940,group3,729-19-3997,True,0
560,Grenville,Quinn,race3,?,4,23455,group2,480-53-6770,False,8
561,Clerissa,Owen,race2,county4,1,93592,group1,529-84-5076,False,4
562,Lisette,Scott,race3,county3,4,254393,group1,845-79-9039,True,10
563,Thom,Quinn,race1,county1,3,262387,group1,695-23-9826,?,2
564,Dunstan,Brooks,race1,county2,2,249501,group1,812-77-2300,False,10
565,Jarid,Le,race1,county4,2,261557,group2,844-99-9940,True,0
566,Kiersten,Quinn,race2,?,5,55816,group1,898-01-8018,True,0
567,Esta,Watson,race1,county2,0,117481,group2,268-46-4872,True,5
568,Nola,Le,?,county3,2,80570,group2,204-67-4737,True,9
569,Alick,Cervantes,race2,county3,0,263447,group3,498-34-1001,True,0
570,Lorant,Quinn,race3,county1,4,40335,group1,544-72-6684,True,2
571,Dermot,Elliott,race2,county2,2,294175,group3,225-19-5426,?,0
572,Gusella,Owen,race3,?,4,233910,group2,117-40-5630,True,0
574,Sharla,Frank,race1,?,4,137195,group3,306-17-6404,True,3
575,Emanuel,Scott,race2,?,1,172702,group2,488-56-1639,True,5
576,Harper,Kirk,race2,county2,0,32847,group2,197-43-5348,False,6
577,Normand,Ward,race2,county2,4,218742,group3,604-53-9580,False,9
578,Claudell,Elliott,race2,county4,0,77175,group2,507-12-2324,True,0
579,Collette,Owen,race1,county3,2,14526,group2,203-54-7177,False,5
580,Terrye,Brooks,race3,?,4,266345,group2,648-30-4816,False,6
581,Willetta,Frank,race3,county1,3,87841,group2,654-54-3815,True,6
582,Ramonda,Hoffman,race1,county4,4,93573,group3,468-81-8421,False,2
583,Duffie,Hawkins,?,?,4,74987,group2,494-89-2265,True,5
584,Gustav,Owen,race3,county1,4,264794,group1,271-14-3428,True,3
587,Sherlocke,Ward,?,county1,2,218614,group1,453-40-0447,False,9
588,Sarge,Ward,race3,?,5,172799,group1,869-21-8921,True,3
591,Farrel,Hale,race2,county1,0,122863,group1,377-20-3760,True,2
592,Tasia,Pollard,race2,?,2,115191,group2,276-27-8930,False,0
593,Dana,Kirk,race1,county3,2,121945,group1,771-34-3460,True,7
594,Adoree,Watson,race3,?,4,133520,group2,160-92-0782,False,8
596,Hollyanne,Watson,race1,county2,2,41913,group1,225-84-7519,True,5
597,Ardelis,Hawkins,race1,?,5,94338,group3,533-52-0945,True,10
598,Coleen,Le,race2,?,4,218289,group1,701-54-9226,True,6
599,My,Owen,race1,county1,3,96436,group3,827-36-1566,False,10
600,Siusan,Cannon,race1,county1,0,206746,group1,494-96-2274,False,1
601,Olag,Casey,race1,county3,0,94309,group2,799-17-8756,True,9
602,Dominga,Hawkins,race1,?,0,73145,group1,752-27-1119,False,5
603,Gunar,Watson,race3,county1,5,242218,group3,783-91-0608,True,0
604,Lynn,Pollard,race3,county1,0,41953,group3,405-36-5663,False,9
605,Brandea,Hale,race2,county4,1,82542,group2,689-16-5711,False,1
607,Saree,Cannon,race3,county3,3,214194,group1,378-02-8327,False,10
608,Fawne,Pollard,race1,county1,5,196570,group3,828-79-3081,False,7
609,Jarvis,Waters,race3,?,5,195816,group3,844-55-0796,False,10
610,Dolph,Brooks,race3,?,3,52014,group1,150-91-4988,False,2
611,Beck,Hale,race3,county1,5,262579,group3,676-40-7651,False,9
612,Stefanie,Hoffman,race1,county4,5,104701,group2,262-15-5059,False,2
613,Simonette,Hawkins,race3,county1,3,146145,group2,510-04-6955,?,6
614,Wash,Pollard,race3,county1,0,191418,group2,429-28-9762,False,2
615,Robby,Elliott,race1,county1,1,61589,group2,691-82-4775,True,6
616,Al,Le,race2,county3,1,98817,group1,473-45-4797,True,5
617,Melvin,Cervantes,race1,county1,3,189058,group2,190-55-7419,?,10
618,Felic,Ward,race1,county2,5,35119,group1,333-50-9660,False,8
620,Joell,Ward,race2,county1,4,118504,group1,868-18-5760,False,7
621,Carmon,Cervantes,race3,county1,3,217444,group3,406-24-0242,True,10
622,Cherri,Lawson,race2,county4,1,104026,group3,169-18-4591,True,10
623,Hallie,Cervantes,?,county4,0,125936,group3,530-16-5863,True,1
624,Hazel,Hawkins,race3,county4,5,197365,group2,435-76-8193,True,6
625,Margarita,Cervantes,race3,county1,4,60341,group3,815-81-5783,True,9
626,Doreen,Frank,race1,?,5,10345,group3,645-51-2881,True,5
627,Charleen,Hawkins,race2,?,0,207927,group3,838-43-1035,True,3
628,Katti,Le,race2,county2,0,132397,group3,334-75-0948,False,0
629,Ailene,Hale,race3,county2,0,30071,group1,739-44-6865,True,8
630,Bobinette,Cervantes,race1,county4,1,29555,group2,753-31-9174,False,7
631,Cindra,Waters,race1,county1,4,121633,group3,891-38-4618,False,5
632,Ethelin,Lawson,race3,?,2,98178,group2,208-88-1929,True,8
633,Lindon,Ward,race3,county1,5,73021,group1,728-19-1190,True,9
634,Donall,Hale,race3,county1,1,239612,group3,191-10-9374,False,2
635,Annabella,Owen,race2,county3,0,207652,group1,775-35-5071,False,6
637,Sayre,Casey,race1,county2,1,271704,group1,413-45-8707,True,6
639,Ros,Cannon,race2,county2,2,14008,group1,589-37-6519,False,4
640,Anson,Waters,race1,county3,0,137378,group2,667-18-5302,False,7
642,Kerri,Cannon,race1,?,5,163112,group2,762-48-2567,True,0
644,Isabella,Scott,race3,county1,0,268044,group2,743-44-6110,?,10
645,Cynde,Pollard,race2,county3,3,246843,group3,825-68-9620,True,2
646,Sully,Le,race1,county3,3,160493,group2,798-18-3426,False,8
647,Kaylil,Hale,race2,county4,5,247026,group1,727-08-9179,False,0
648,Netty,Ward,race2,county2,0,291186,group2,404-61-4770,False,7
649,Pedro,Cannon,race1,county2,4,285031,group2,690-71-7721,True,6
650,Connie,Hoffman,race1,county4,2,289303,group1,182-28-4914,False,9
651,Cosette,Cervantes,?,county2,0,181826,group2,287-26-2958,False,3
652,Ellary,Hoffman,?,county2,0,57718,group1,815-27-7933,False,9
653,Lorilee,Waters,race3,county1,0,84466,group3,657-08-8185,False,0
656,Weber,Casey,race2,county3,1,108142,group3,757-44-6583,False,5
657,Ingar,Hawkins,race2,county4,0,282927,group2,156-92-1563,True,2
658,Free,Elliott,race1,county4,0,220050,group3,359-20-6066,True,8
659,Holt,Hoffman,race1,county2,3,114943,group2,505-10-5673,False,0
660,Wesley,Le,race3,county1,0,69678,group2,264-24-7610,False,2
661,Mag,Quinn,race2,county2,4,202901,group3,181-69-8791,False,1
662,Maurice,Casey,?,county1,1,146778,group3,641-50-5854,False,2
663,Jordanna,Lawson,race1,?,5,38060,group2,332-89-6143,True,9
664,Abeu,Hawkins,race1,county3,3,25638,group2,811-54-3201,True,4
665,Woody,Quinn,race3,?,1,273985,group3,789-26-3907,True,8
666,Michal,Pollard,race1,?,2,57322,group2,811-27-9104,False,0
667,Ewart,Scott,race2,county3,3,174141,group2,632-67-4279,False,5
668,Pam,Hoffman,race3,?,2,241446,group1,120-56-8549,True,6
669,Igor,Cannon,?,county4,0,15389,group3,420-63-8540,False,4
670,Hernando,Waters,race3,county4,0,280398,group3,883-38-5155,True,0
672,Katleen,Cannon,race2,county3,2,76885,group3,339-08-3940,True,8
673,Terry,Frank,race2,county4,0,40645,group2,601-08-1172,?,6
674,Agnola,Lawson,race3,county4,2,53230,group2,192-81-3331,True,7
675,Tara,Quinn,race2,county3,1,113415,group2,560-37-7627,False,4
676,Theo,Lawson,race1,county1,1,275884,group2,278-10-3426,False,9
677,Templeton,Hawkins,race2,?,5,169608,group2,657-67-7218,False,7
678,Drusi,Cannon,race3,county1,0,77792,group3,233-66-8939,True,4
679,Diann,Watson,race2,county3,3,42691,group3,187-10-0583,False,10
680,Weidar,Elliott,?,county4,3,238980,group1,260-93-0355,?,3
681,Petey,Hawkins,race1,county3,5,270869,group3,843-49-4044,?,0
682,Malynda,Cervantes,race2,county1,0,183355,group1,283-92-3013,True,2
683,Austin,Kirk,race3,county2,1,106627,group2,231-23-6842,True,9
684,Maury,Hale,race2,county2,4,107760,group1,133-40-5091,False,4
685,Bartolomeo,Ward,race1,county1,0,107181,group3,625-86-1282,True,10
686,Carolyn,Le,race1,county2,1,245500,group2,539-50-9146,False,2
687,Deva,Cervantes,race2,county3,3,231505,group2,547-49-1646,True,2
688,Abby,Elliott,race3,?,2,73897,group1,431-15-8817,False,4
689,Pauly,Watson,race2,?,1,40271,group2,774-61-2207,False,1
690,Fan,Cannon,race2,county4,4,155404,group3,236-68-0503,False,9
691,Hort,Casey,race3,county4,1,179495,group2,776-23-3827,False,6
692,Fidelity,Le,race2,county4,2,120436,group3,468-94-1256,True,10
693,Lance,Brooks,race3,?,0,175744,group1,805-83-7169,True,6
694,Tadd,Ward,race3,county2,1,213449,group3,544-17-0142,False,4
695,Dall,Quinn,race1,?,4,225294,group3,377-75-7054,True,9
696,Clemmie,Wilkerson,race3,?,1,144238,group2,473-42-8092,True,2
697,Marcellus,Cannon,race1,?,2,223559,group1,184-97-6949,False,6
698,Isis,Elliott,race1,county4,3,277078,group1,137-29-9912,True,5
699,Vikki,Brooks,race1,county2,1,152554,group3,588-01-7355,True,8
700,Kellie,Scott,race3,county1,0,138524,group3,600-71-0171,True,8
701,Eba,Cannon,race3,county4,4,276924,group2,669-47-6740,False,10
702,Alon,Watson,race1,?,3,235105,group3,687-36-0868,True,10
704,Carlene,Owen,race2,county1,2,216230,group3,702-36-7404,True,6
705,Ebony,Kirk,race1,?,4,224261,group1,221-29-7084,False,9
706,Sutton,Pollard,race2,county2,3,77460,group1,316-69-8142,?,1
707,Aloin,Ward,?,county4,2,65131,group2,397-94-7759,False,6
708,Luelle,Hale,race2,county2,2,241275,group1,542-85-9320,False,6
709,Aura,Hawkins,race1,county1,1,267347,group2,593-79-9200,False,9
710,Shelbi,Cannon,race2,county2,3,260516,group1,882-22-0859,False,3
711,Ive,Wilkerson,race3,county1,1,126916,group2,793-10-5749,False,2
713,Katerina,Brooks,race1,?,0,16145,group3,577-64-6476,False,0
714,Ashbey,Cannon,race1,county2,3,67540,group1,757-41-7648,True,8
715,Saunder,Ward,race2,county4,5,222983,group3,318-40-7190,True,5
718,Emelen,Casey,race1,county2,0,241662,group2,196-94-3818,True,6
719,Dolorita,Scott,race3,county1,5,167436,group1,738-47-8221,False,6
720,Kelly,Elliott,race1,county2,5,299321,group2,148-41-6031,False,2
721,Nobie,Hoffman,race3,county1,3,77950,group2,783-87-4851,True,6
722,Philbert,Brooks,race3,county1,2,132886,group3,850-34-4001,?,5
723,Maximilien,Hawkins,race1,county2,0,48524,group2,757-71-0051,?,3
724,Torry,Hoffman,race3,?,2,186699,group2,724-27-2944,True,5
725,Maren,Frank,race3,?,3,124764,group3,737-42-9980,True,9
726,Linnea,Ward,race1,county2,2,13265,group3,842-30-9015,True,1
727,Glen,Scott,race1,county1,3,17968,group1,715-60-7799,False,9
728,Rudd,Owen,race1,county4,1,219486,group3,869-67-1542,True,10
729,Sybille,Waters,race3,county2,4,212688,group3,752-97-6943,True,10
730,Vanya,Scott,race3,county1,0,102391,group3,529-78-3536,False,9
731,Christi,Hawkins,race1,county3,1,189861,group1,736-91-4322,False,8
732,Lanny,Cannon,race2,county4,1,208580,group2,813-95-4381,True,2
733,Christine,Cannon,race1,county1,1,155181,group3,834-05-0073,False,4
734,Ailina,Hale,?,?,3,178834,group1,208-62-2617,?,6
735,Bel,Waters,race2,county4,5,281557,group3,486-95-9763,?,9
736,Maris,Hale,race1,county1,3,190802,group3,369-58-2985,False,4
737,Currey,Owen,race2,county2,0,132263,group3,520-28-5782,False,1
738,Dyanna,Elliott,race3,?,4,74140,group3,396-06-0819,?,8
739,Jethro,Ward,race3,?,3,137844,group1,153-26-6292,True,9
740,Cass,Watson,race1,county2,5,77817,group1,174-62-5567,True,0
741,Carmine,Scott,race2,county3,2,28297,group3,298-43-7002,True,4
742,Renard,Le,race1,county3,5,57383,group2,348-80-9112,True,0
744,Jodee,Hawkins,race3,county1,2,119587,group3,604-16-3875,False,7
745,Mirna,Lawson,race2,county2,1,282482,group3,714-85-6269,False,9
746,Claudio,Watson,race2,county1,4,202677,group1,214-85-2700,True,0
748,Kirsteni,Owen,race1,county4,5,272122,group2,790-88-9238,False,1
749,Cheryl,Elliott,race3,?,2,187178,group1,705-78-3538,True,5
750,Hesther,Le,race3,county4,0,228506,group1,584-74-0773,True,7
751,Jocelyn,Ward,race2,county3,4,133725,group1,138-06-1046,True,7
752,Dennet,Elliott,?,county2,1,100516,group1,753-11-5953,False,2
753,Shell,Ward,race1,county3,4,69240,group1,440-32-0263,False,6
754,Jorge,Hoffman,race1,?,2,145532,group1,166-78-0539,True,9
755,Kimberlyn,Scott,race2,?,2,290974,group1,439-67-0544,?,7
756,Codie,Hoffman,race2,county3,4,244740,group3,605-84-5167,True,7
757,Reginauld,Casey,race2,?,2,174121,group3,317-82-3916,True,5
758,Findley,Brooks,race1,county4,5,255002,group3,664-78-8398,True,10
759,Freddie,Hoffman,race3,county1,1,200198,group2,172-65-9492,True,0
762,Curtis,Hale,race2,county2,1,249842,group3,416-37-4708,True,0
763,Jacintha,Owen,?,county4,3,135537,group1,471-82-8886,False,5
765,Marcello,Pollard,race1,county1,1,196915,group3,706-28-6825,False,4
766,Keely,Owen,?,county3,4,10899,group2,566-47-6961,True,8
767,Mendy,Elliott,race1,county2,5,36648,group2,657-81-5671,True,7
768,Louisette,Cannon,race1,county4,1,211513,group2,898-21-3384,True,7
769,Evangeline,Brooks,race1,county2,2,123291,group3,177-48-7479,False,2
770,Roth,Waters,race1,?,2,216735,group1,200-23-2039,True,4
771,Emelia,Cervantes,race1,county4,0,89382,group2,391-74-7542,False,9
773,Marquita,Cannon,race3,county1,3,243502,group3,853-82-1738,False,1
775,Vanni,Cannon,race2,county1,1,18401,group3,316-46-3505,True,1
776,Bondy,Ward,?,county3,4,103389,group2,105-43-6633,True,7
777,Trever,Hoffman,race1,county2,0,240758,group2,854-04-5118,False,7
778,Broderick,Brooks,race1,county3,0,110008,group1,155-13-1393,True,5
779,Lenci,Wilkerson,race1,county1,5,96062,group2,208-35-3026,True,6
781,Keslie,Lawson,race1,county2,1,101335,group3,646-91-4839,?,3
782,Emera,Frank,race2,?,4,123938,group2,281-81-5971,False,9
783,Tatum,Elliott,race3,county1,2,254831,group3,642-01-2780,True,8
784,Emelda,Frank,race3,county2,0,87972,group3,838-01-8569,False,9
785,Maurise,Scott,race2,?,1,56505,group3,382-45-2870,False,4
786,Eddie,Waters,?,county3,4,191482,group2,635-02-4050,?,10
787,Barnett,Pollard,race3,county1,4,75030,group2,355-53-4396,False,5
789,Michel,Hale,?,county2,3,230055,group3,519-95-7048,False,7
791,Romy,Cervantes,race1,?,2,54566,group3,790-94-9742,True,5
792,Manolo,Hale,race3,county1,2,181325,group3,189-73-3796,False,9
793,Rayner,Cannon,race3,?,5,98207,group2,577-25-5288,True,3
794,Ronica,Pollard,race3,county1,0,237544,group1,417-75-9385,True,5
795,Dareen,Kirk,race1,?,1,133200,group2,434-85-3581,False,8
796,Katerine,Brooks,race3,county1,1,107133,group1,409-53-0556,True,8
797,Halsy,Pollard,race3,?,5,103084,group3,226-18-7012,True,0
798,Fletcher,Elliott,?,county1,2,90134,group3,451-29-6730,True,10
799,Celestine,Le,?,county4,0,284835,group2,288-94-8537,True,4
800,Osbourne,Le,race3,county1,3,101055,group1,273-84-5926,False,9
801,Misty,Brooks,race1,county3,5,280120,group2,595-37-2803,False,6
802,Padriac,Elliott,race3,?,3,88281,group1,375-62-2890,False,9
803,Chloris,Scott,race1,county4,0,149630,group1,780-63-0963,False,5
805,Veronique,Elliott,race3,county1,1,24399,group1,299-03-7954,True,6
806,Tom,Brooks,race3,county1,0,198351,group3,221-18-5492,False,7
807,Kristi,Scott,race3,county1,2,24873,group3,282-19-9434,False,6
808,Quincey,Frank,?,county1,1,279518,group3,768-70-0839,?,3
810,Darill,Casey,race3,county1,1,77961,group2,253-52-6655,False,2
812,Corene,Wilkerson,?,county2,3,277279,group3,208-35-8457,True,4
813,Rori,Brooks,?,?,5,194653,group2,292-44-2926,True,9
814,Alric,Hale,race3,county4,2,33966,group3,556-48-7753,False,0
815,Valma,Le,race3,county4,2,267558,group3,453-50-0264,True,4
816,Neron,Casey,race1,county4,3,21496,group3,225-22-5384,True,2
817,Amie,Waters,race1,?,2,229049,group3,801-98-3103,True,10
818,Drusi,Frank,race3,?,4,167013,group2,529-60-5031,?,5
819,Rosie,Scott,race1,county2,4,250656,group1,744-74-9753,False,0
820,Julie,Ward,race1,county1,3,87428,group2,269-73-1801,True,2
822,Alick,Cannon,race1,?,4,179525,group2,285-45-2518,False,9
823,Ladonna,Hawkins,race1,?,0,222287,group3,791-43-3785,True,2
824,Troy,Casey,?,?,0,215933,group3,491-84-7808,False,1
825,Brit,Pollard,?,county3,0,96316,group3,280-84-3829,True,3
826,Tamra,Lawson,race1,county2,4,48276,group3,510-46-5022,False,7
827,Daniele,Elliott,race1,county2,0,29810,group1,596-59-6606,False,10
828,Johan,Cannon,race3,county1,2,80190,group3,709-76-0564,False,8
830,Kasey,Lawson,?,county2,4,101808,group3,382-02-5152,False,6
831,Adaline,Casey,race1,county1,3,170204,group2,401-86-6981,True,9
832,Addy,Watson,race1,county3,2,227900,group1,693-36-7291,True,8
833,Marnia,Waters,race2,county2,4,35281,group3,501-44-6089,True,1
834,Vivienne,Watson,race1,county2,0,276651,group1,121-63-7422,True,2
835,Eugenie,Waters,race2,county1,1,287677,group1,332-92-7247,True,7
837,Rodina,Pollard,race3,county2,3,36330,group2,636-70-4325,True,2
838,Gusella,Pollard,race1,?,5,127382,group3,122-88-9131,True,3
839,Denni,Brooks,race3,county1,3,143860,group1,248-19-6944,True,3
840,Trefor,Hoffman,race2,county3,0,173497,group3,677-33-7669,False,6
841,Bran,Quinn,race3,county1,4,71660,group1,548-11-9782,?,3
842,Lars,Kirk,race1,?,1,187893,group1,555-28-6637,True,8
843,Orly,Hale,race3,county4,2,58713,group1,183-60-4667,False,0
845,Roxanna,Hoffman,race2,county1,0,99970,group3,179-71-6679,True,2
846,Marchall,Hale,race3,county1,2,226286,group1,434-34-7656,False,8
847,Celestina,Cervantes,race3,county1,3,189998,group3,287-59-9017,True,5
848,Arlena,Cannon,race2,?,2,166879,group3,610-04-7733,True,3
849,Delano,Le,race2,county1,3,194416,group3,330-32-5823,?,4
850,Hedvige,Brooks,race1,county4,3,19852,group1,466-88-5021,False,8
851,Essa,Hoffman,race2,county2,2,296876,group3,469-57-5347,False,6
852,Charmain,Casey,race2,county3,4,212669,group3,849-22-5087,True,1
853,Daryn,Watson,race3,county1,3,156494,group3,812-59-7066,?,10
854,Katie,Cervantes,race1,?,3,217934,group1,397-34-4447,True,10
856,Sisile,Cervantes,race2,county3,3,189821,group1,879-69-3677,False,9
857,Claudio,Brooks,race3,county4,4,235380,group1,761-42-6449,False,10
858,Evey,Scott,race1,county4,2,29529,group1,853-34-7417,False,6
859,Eduino,Waters,race2,county2,4,48059,group2,577-02-9473,False,0
860,Gus,Lawson,race3,county1,2,191615,group2,315-33-0650,False,4
861,Julie,Scott,race1,county2,4,165692,group1,542-81-6311,False,5
862,Darbee,Hawkins,race2,county1,2,278000,group3,779-86-0891,?,10
863,Harv,Quinn,race3,county2,5,153102,group3,750-78-7505,True,8
864,Gwendolen,Pollard,race2,county3,3,94112,group3,372-79-4813,True,5
865,Alvy,Cannon,race2,county4,3,179992,group2,830-71-0311,True,2
866,Gabie,Waters,race1,county3,3,134119,group3,292-27-6875,False,4
867,Jacquelyn,Cervantes,race3,county1,3,297434,group1,867-17-6338,?,9
868,Meryl,Pollard,race3,county3,4,243049,group2,436-68-0413,True,0
869,Kori,Owen,race1,county4,0,41727,group1,890-55-4298,?,3
870,Lock,Brooks,race3,?,5,207647,group1,438-82-8691,False,5
871,Lars,Pollard,race1,county3,3,257459,group1,410-53-3063,False,10
872,Tallou,Kirk,race1,county2,3,45815,group3,493-82-6841,True,7
873,Morissa,Pollard,race2,county2,3,102082,group2,243-22-0757,False,1
874,Hilton,Hale,race3,county3,4,64191,group3,707-31-8877,False,10
876,Rocky,Watson,race3,county1,2,213364,group2,786-54-2583,True,10
877,Maryann,Casey,?,county4,5,284874,group3,878-02-2665,False,6
878,Anson,Hoffman,race2,county1,4,241172,group1,138-82-4712,False,1
879,Blair,Kirk,race3,county1,4,110528,group3,672-20-3043,?,6
882,Cyrillus,Cannon,race2,county3,3,55833,group1,605-24-8806,False,0
883,Milissent,Ward,race3,county1,0,45043,group3,422-67-4992,False,7
884,Cathyleen,Pollard,race3,county4,2,63732,group2,679-93-1940,?,1
885,Dode,Scott,race1,county1,0,175589,group1,202-71-9682,False,9
886,Kienan,Ward,race3,county3,0,44150,group2,780-48-1386,True,8
887,Elladine,Pollard,race3,county1,3,202260,group2,290-29-0576,False,10
890,Anatole,Waters,race2,county2,2,79101,group1,492-66-3567,True,0
891,Riccardo,Watson,race3,?,4,28474,group1,463-70-5141,False,9
892,Richard,Kirk,race3,county1,0,261625,group2,181-08-1001,True,6
893,Nadiya,Cervantes,race1,county1,2,173702,group2,185-94-9129,True,6
894,Hermia,Watson,race3,county1,2,103448,group1,738-57-0340,False,3
895,Chickie,Hoffman,race1,county4,4,198335,group3,372-60-5402,True,4
896,Tildie,Hale,race1,county1,3,269789,group3,792-67-5619,True,10
897,Hillary,Hoffman,race3,county2,3,102926,group1,868-26-6977,True,6
898,Hedwiga,Elliott,race3,county1,2,264130,group1,348-12-9348,True,7
899,Irv,Casey,race1,county2,4,57474,group1,363-68-1270,True,1
900,Burtie,Cannon,race1,county1,1,194884,group3,894-32-7694,True,2
901,Gwenore,Owen,race1,county1,0,84242,group1,745-61-6692,True,2
902,Ulises,Brooks,race1,county4,3,64332,group1,282-43-0576,?,2
903,Lyndel,Lawson,race3,county1,4,162617,group2,134-03-6488,False,5
904,Maurene,Ward,race3,county1,5,209056,group3,247-30-0740,True,7
905,Winthrop,Wilkerson,race1,county3,3,33554,group3,219-33-1461,?,2
906,Kale,Hoffman,race1,?,0,57463,group1,127-80-4253,True,5
907,Peter,Wilkerson,race2,county4,5,42805,group2,333-13-6102,False,5
908,Kristofer,Frank,race1,county3,3,266596,group3,542-86-4508,True,6
909,Belvia,Watson,race1,county4,3,253946,group3,637-79-2439,False,1
910,Evangelia,Waters,race1,county3,2,60744,group1,516-31-1169,False,9
911,Maryanna,Scott,race3,county3,4,244074,group2,663-47-7483,True,10
913,Alyce,Hawkins,race3,county1,0,69085,group2,522-76-8251,False,3
914,Merridie,Ward,race3,county2,2,127962,group1,534-77-6263,True,1
915,Cloris,Casey,race2,county1,3,24041,group1,153-87-0427,False,3
916,Gideon,Waters,race3,county1,3,164516,group2,111-92-5544,True,0
917,Chelsie,Lawson,race3,county1,2,284354,group1,603-60-9795,True,7
918,Fielding,Cervantes,race3,?,4,257790,group3,220-79-7621,False,3
920,Kienan,Frank,race1,county1,4,128184,group3,609-53-1140,False,0
921,Merrel,Hawkins,race2,?,5,130557,group1,892-51-7298,False,1
923,Sibel,Waters,race1,county4,2,141225,group3,197-10-5300,False,5
924,Row,Watson,race2,county4,5,42125,group3,493-50-1049,False,3
926,Elliott,Waters,race2,county4,0,237290,group3,738-39-3202,True,9
927,Eadith,Quinn,race1,county3,4,64671,group2,117-75-6829,False,3
928,Mathew,Pollard,?,county1,5,142284,group2,866-24-1223,?,0
929,Arnold,Brooks,race3,county1,4,230584,group2,620-15-4987,True,3
930,Charmain,Hoffman,race2,county2,5,139030,group2,753-69-7569,False,8
931,Huntington,Owen,race1,county3,2,273244,group3,409-19-2866,False,5
932,Aime,Lawson,race1,county4,1,201269,group3,155-89-7557,False,9
933,Zarah,Le,race1,?,4,257274,group2,418-38-7158,False,3
935,Hadrian,Le,?,?,1,161795,group2,616-26-5041,?,0
936,Elle,Hoffman,race1,county2,5,103149,group1,172-97-9597,False,9
937,Salvidor,Brooks,race2,county4,0,196848,group2,641-98-8681,?,0
938,Ursula,Watson,race2,county1,2,153901,group1,145-53-3385,False,0
939,Eustacia,Scott,?,county1,4,196748,group3,659-01-0008,False,10
940,Nehemiah,Hawkins,race1,county2,0,276265,group2,415-06-1861,False,8
941,Rozalie,Lawson,race3,county1,4,270133,group3,454-47-1584,True,7
942,Blakelee,Casey,race2,county1,5,238648,group1,294-11-4067,False,9
943,Grover,Owen,race3,county3,5,143599,group1,335-40-3019,False,2
944,Nickolaus,Hoffman,race2,?,5,165041,group3,193-58-9936,True,2
945,Ollie,Cervantes,race2,county4,4,27519,group1,703-66-4805,True,2
946,Heloise,Wilkerson,race2,county3,2,83532,group1,365-86-5423,True,4
947,Darell,Brooks,race2,county2,4,203325,group3,514-38-3858,True,9
949,Marylinda,Le,race2,?,5,31264,group3,298-34-1859,False,8
950,Erik,Waters,race2,county2,0,215686,group3,557-49-6824,False,7
951,Raynell,Lawson,race1,county2,4,225238,group2,764-18-1020,True,9
952,Allen,Hale,?,county2,2,226624,group1,560-21-6867,?,0
953,Gilbertina,Elliott,race3,county1,1,215265,group3,283-27-9431,True,3
956,Teriann,Elliott,race1,county4,3,175919,group2,173-21-9576,True,9
957,Mollie,Hale,race2,county2,4,264749,group1,778-85-3554,False,5
958,Jorey,Cannon,race3,county1,1,87490,group2,233-32-0280,True,0
959,Donovan,Watson,race1,county2,3,178159,group3,359-06-6638,False,10
960,Lucia,Scott,race3,county1,4,195085,group1,712-60-5453,True,4
961,Mark,Brooks,race2,county1,1,229579,group3,254-42-3932,True,3
963,Gerri,Elliott,race1,county4,0,21676,group2,314-62-6694,True,7
964,Verene,Le,race3,county1,3,152194,group3,457-25-7403,True,8
965,Maureene,Quinn,race2,county4,0,150271,group2,863-29-2663,True,10
966,Margarete,Watson,race1,county3,2,179568,group2,406-55-4224,False,0
967,Oona,Hale,race3,county2,0,153886,group2,474-46-3513,False,7
968,Kandace,Frank,race2,county2,5,122222,group3,319-29-5456,True,6
969,Nelli,Ward,race1,?,3,114247,group2,475-58-6235,False,2
970,Breena,Waters,race3,?,5,185802,group1,419-49-3438,False,5
972,Ricca,Owen,race1,county1,2,169850,group3,856-11-7648,True,1
973,Corri,Lawson,race2,county3,0,135018,group3,269-57-2331,False,1
974,Atlanta,Hoffman,?,county1,3,283834,group2,382-35-1039,True,0
975,Cynthy,Pollard,?,county2,0,43303,group1,323-81-7800,True,2
976,Claire,Cannon,race3,county1,0,80208,group1,830-16-6221,False,10
977,Michelle,Elliott,race2,county3,5,109642,group3,299-22-0771,False,2
978,Fallon,Hale,race2,county4,4,275244,group2,174-84-8112,True,1
979,Elsworth,Brooks,race2,county2,4,216506,group2,123-21-7838,False,2
980,Gilbert,Hale,race2,county4,0,33216,group1,751-12-1981,False,3
981,Linnell,Hoffman,race2,county2,3,216020,group1,701-41-0099,True,2
982,Berton,Le,race1,county3,2,150469,group1,523-02-3234,False,10
983,Arturo,Brooks,race1,county1,3,233380,group3,386-36-1503,True,7
984,Carmella,Kirk,race3,county1,4,68249,group1,382-60-5438,False,3
985,Ibbie,Hawkins,race3,county1,3,167346,group1,551-14-1789,True,9
986,Sully,Pollard,race2,?,4,291074,group1,230-18-8022,False,7
987,Towny,Pollard,race2,county2,5,130553,group3,341-06-4111,False,3
989,Cob,Scott,race3,?,1,87527,group2,302-31-0222,True,3
990,Jessi,Pollard,race2,county4,0,55056,group2,761-57-4527,False,6
991,Cahra,Ward,race2,county2,4,111100,group2,843-22-8815,False,0
992,Rachele,Quinn,race3,county1,1,239592,group1,844-89-8291,False,9
993,Shirley,Hale,race2,county1,2,48938,group3,577-78-4265,True,4
995,Virginia,Le,race1,?,0,88020,group1,195-63-6857,True,9
996,Eziechiele,Casey,race1,county3,4,90965,group2,526-26-2486,True,2
998,Kaiser,Cannon,race2,county1,2,260049,group1,312-94-4448,False,6
999,Cassandre,Pollard,race3,county3,1,75604,group2,235-62-0230,True,2
1000,Galina,VeryRareLastName,race1,county2,5,274010,group3,747-10-7242,False,7
